,destination,travel_time
0,sapporo,290.55636561714994
1,tsuruga,199.7610290866212
